price,demand,log_price,log_demand,price_change,demand_change,elasticity
0.46,2200550.27,-0.7765287894989963,14.604218009780343,0.04445176257083394,3.5366887943659915,79.56239730045064
0.48,50890.73,-0.7339691750802004,10.837436064144958,0.042559614418795855,-3.766781945635385,-88.5060167267831
0.49,590865.73,-0.7133498878774648,13.28934407937505,0.020619287202735648,2.4519080152300923,118.91332571888262
0.51,868936.5459999999,-0.6733445532637656,13.675025382018756,0.04000533461369915,0.3856813026437056,9.640746824590627
0.52,1042342.6433333334,-0.6539264674066639,13.856981279615574,0.019418085857101697,0.18195589759681852,9.370434291816283
0.53,2059037.8383333336,-0.6348782724359695,14.537749362884943,0.019048194970694432,0.6807680832693688,35.73924376124497
0.54,1193386.8128571429,-0.616186139423817,13.992305883948017,0.018692133012152556,-0.5454434789369262,-29.180376502901517
0.55,1635350.4100000001,-0.5978370007556204,14.307367657393474,0.01834913866819654,0.31506177344545705,17.17038489613328
0.56,1224838.3875,-0.579818495252942,14.018319464686197,0.01801850550267836,-0.289048192707277,-16.041740679564764
0.57,939417.7666666667,-0.5621189181535413,13.753015565177396,0.017699577099400732,-0.26530389950880107,-14.98927901038854
0.58,1331592.2157142856,-0.5447271754416722,14.101885938852076,0.017391742711869163,0.3488703736746803,20.05954086686151
0.59,1536908.26,-0.527632742082372,14.245283333036033,0.017094433359300165,0.1433973941839568,8.388543285989762
0.6,1396157.6633333333,-0.5108256237659907,14.149234495277812,0.016807118316381264,-0.0960488377582216,-5.714771321899152
0.61,924530.8409090909,-0.4942963218147801,13.737041688808432,0.016529301951210607,-0.4121928064693794,-24.93709702236944
0.62,3054248.752,-0.4780358009429998,14.93204421265527,0.016260520871780315,1.1950025238468385,73.49103594342617
0.63,772482.918,-0.4620354595965587,13.55736517488819,0.016000341346441127,-1.3746790377670806,-85.91560692377624
0.64,1695765.6147058823,-0.4462871026284195,14.343644886907391,0.0157483569681392,0.7862797120192013,49.92772983301933
0.65,1444990.39,-0.4307829160924542,14.183613228987523,0.015504186535965248,-0.16003165791986795,-10.321835173270173
0.66,1912441.204,-0.4155154439616658,14.463891101203716,0.01526747213078844,0.2802778722161925,18.357844036995694
0.67,1478343.8886956521,-0.40047756659712525,14.206433025074372,0.015037877364540542,-0.25745807612934435,-17.120639428569415
0.68,1405318.8953846155,-0.3856624808119846,14.155774806799776,0.014815085785140625,-0.05065821827459516,-3.41936719160984
0.69,1790849.272222222,-0.37106368139083207,14.398200519054773,0.014598799421152553,0.2424257122549971,16.605866363486072
0.7,2019142.575,-0.35667494393873245,14.518183511443638,0.01438873745209962,0.11998299238886467,8.33867410454116
0.71,1614317.2428571428,-0.342490308946776,14.29442266540998,0.014184634991956435,-0.22376084603365776,-15.77487514909929
0.72,1639575.3099999998,-0.3285040669720361,14.309947808948072,0.01398624197473991,0.015525143538091868,1.110029668164709
0.73,2001146.972105263,-0.31471074483970024,14.509231060196567,0.013793322132335861,0.19928325124849522,14.4478066514022
0.74,1544220.835,-0.3011050927839216,14.250030027189093,0.013605652055778628,-0.259201033007475,-19.05098204370047
0.75,1811320.6039534884,-0.2876820724517809,14.409566752645974,0.013423020332140712,0.15953672545688136,11.88530759168107
0.76,2959311.952786885,-0.2744368457017603,14.900467350897122,0.0132452267500206,0.49090059825114807,37.06245332873479
0.77,2541986.195230769,-0.2613647641344075,14.748456300044394,0.013072081567352789,-0.15201105085272815,-11.628679798967298
0.78,2229127.5398113206,-0.2484613592984996,14.617120829130073,0.012903404835907906,-0.13133547091432085,-10.178357773355861
0.79,2329046.4805970145,-0.23572233352106983,14.66096950598679,0.012739025777429774,0.043848676856717006,3.44207458425945
0.8,1597587.9995,-0.2231435513142097,14.28400554947566,0.012578782206860123,-0.3769639565111298,-29.968239398051107
0.81,1465809.9375,-0.21072103131565253,14.1979185060252,0.012422519998557174,-0.08608704345046014,-6.929917879822999
0.82,2318294.8803030304,-0.19845093872383832,14.6563425080364,0.012270092591814219,0.45842400201119915,37.36108742301006
0.83,1834258.2771604937,-0.18632957819149348,14.422150749124594,0.012121360532344833,-0.23419175891180544,-19.320583550574575
0.84,2402391.2668749997,-0.1743533871447778,14.691975160477734,0.011976191046715684,0.26982441135313984,22.530069059572636
0.85,1500213.5436708862,-0.16251892949777494,14.221118018387124,0.01183445764700286,-0.47085714209061,-39.78696414616491
0.86,1985591.1513698627,-0.15082288973458366,14.501427237021392,0.01169603976319128,0.28030921863426883,23.96616498487229
0.87,3086995.18025974,-0.13926206733350766,14.942708742180757,0.011560822401076004,0.44128150515936504,38.17042506580618
0.88,1774057.0122727274,-0.12783337150988489,14.38877957903127,0.01142869582362277,-0.5539291631494869,-48.46827421940236
0.89,2941564.711938775,-0.11653381625595151,14.894452212683882,0.011299555253933377,0.5056726336526118,44.75155192294733
0.9,1884428.6685106384,-0.10536051565782628,14.449135239293783,0.011173300598125227,-0.44531697339009924,-39.85545448090953
0.91,1539037.6022826086,-0.09431067947124129,14.246667845454706,0.011049836186584991,-0.2024673938390773,-18.32311270685461
0.92,1745694.2531683168,-0.08338160893905101,14.372662887314737,0.010929070532190277,0.12599504186003152,11.528431579696381
0.93,2910883.365957447,-0.07257069283483537,14.883967155266687,0.01081091610421564,0.5113042679519495,47.29518414749052
0.94,3100920.164308943,-0.06187540371808753,14.94720945260733,0.010695289116747844,0.06324229734064346,5.913098435236483
0.95,2490671.5691338587,-0.05129329438755058,14.728062938556098,0.010582109330536951,-0.2191465140512321,-20.70915232550449
0.96,2114575.135104895,-0.040821994520255166,14.564364468535981,0.010471299867295412,-0.16369847002011717,-15.633061042534937
0.97,2117657.8983673467,-0.030459207484708574,14.565821271024538,0.010362787035546592,0.0014568024885566189,0.1405801821034701
0.98,1954301.1931746032,-0.020202707317519466,14.485543241556078,0.010256500167189108,-0.08027802946845952,-7.827039258993206
0.99,1639685.7818918917,-0.01005033585350145,14.310015185036061,0.010152371464018015,-0.17552805652001702,-17.28936506530742
1.0,1620852.446467066,0.0,14.298462770335973,0.01005033585350145,-0.01155241470008761,-1.1494555872043668
1.01,1310779.4940880504,0.009950330853168092,14.086132551870005,0.009950330853168092,-0.21233021846596856,-21.339010893126694
1.02,2646221.1753125,0.01980262729617973,14.788643208717186,0.009852296443011638,0.7025106568471813,71.30425489231816
1.03,2225084.8154748604,0.02955880224154443,14.615305592170499,0.009756174945364699,-0.17333761654668756,-17.766964770249714
1.04,2508893.6353448275,0.03922071315328133,14.735352431203559,0.0096619109117369,0.12004683903306024,12.424751183250114
1.05,1523900.7776404496,0.04879016416943204,14.236783906574068,0.009569451016150712,-0.49856852462949064,-52.100013238799
1.06,1949968.8962941177,0.058268908123975824,14.483323979794315,0.009478743954543782,0.24654007322024718,26.00978298417528
1.07,2168750.172380952,0.06765864847381486,14.589661602161316,0.00938974034983904,0.1063376223670005,11.32487357531919
1.08,1629216.6976804126,0.0769610411361284,14.303609903709773,0.00930239266231353,-0.28605169845154244,-30.750335836758865
1.09,2207150.5245508985,0.08617769624105241,14.607212886153237,0.009216655104924018,0.3036029824434632,32.94069041178102
1.1,1496904.5042236026,0.09531017980432493,14.218909869933206,0.009132483563272523,-0.3883030162200303,-42.518884762261344
1.11,664346.1859171598,0.10436001532424286,13.40655865692848,0.00904983551991792,-0.8123512130047263,-89.76419640078653
1.12,1074479.2246835444,0.11332868530700327,13.887346660009046,0.008968669982760413,0.4807880030805656,53.60750300822048
1.13,1240725.20421875,0.12221763272424911,14.031206608739618,0.008888947417245843,0.14385994873057228,16.184137668703404
1.14,883176.9014444444,0.131028262406404,13.691280800907128,0.008810629682154889,-0.3399258078324898,-38.58132960927616
1.15,1521369.6611881189,0.13976194237515863,14.235121579968906,0.008733679968754626,0.5438407790617781,62.26937339213343
1.16,615699.1679761905,0.14842000511827322,13.330513759552263,0.008658062743114592,-0.9046078204166434,-104.48155057966537
1.17,1311649.8916666666,0.1570037488096647,14.086796362011324,0.008583743691391477,0.756282602459061,88.1063822091434
1.18,1452784.6938190954,0.16551443847757333,14.188992751131524,0.008510689667908633,0.10219638912020024,12.008003241564955
1.19,983884.5316489361,0.17395330712343798,13.799263823263596,0.008438868645864656,-0.3897289278679281,-46.182603880072136
1.2,1223855.214516129,0.1823215567939546,14.017516446263725,0.008368249670516609,0.21825262300012938,26.081036249323056
1.21,1599370.8678807947,0.1906203596086497,14.285120902309137,0.008298802814695111,0.2676044560454116,32.24615188730004
1.22,1018370.1750299401,0.19885085874516517,13.833714039690772,0.008230499136515468,-0.4514068626183647,-54.84562419983146
1.23,1099122.7776243093,0.20701416938432612,13.910022944729352,0.008163310639160953,0.07630890503858012,9.347788956175672
1.24,1078260.2181818183,0.2151113796169455,13.890859391100307,0.008097210232619362,-0.019163553629045538,-2.3666859422577113
1.25,594828.8557647059,0.22314355131420976,13.296029005781962,0.008032171697264279,-0.5948303853183443,-74.05598482424632
1.26,642414.098134715,0.23111172096338664,13.372988387411729,0.007968169649176876,0.07695938162976645,9.658351292472354
1.27,913749.6487096775,0.23901690047049992,13.725311905596998,0.00790517950711328,0.3523235181852691,44.56869295229026
1.28,891688.7089795918,0.2468600779315258,13.700872369689536,0.00784317746102589,-0.024439535907461618,-3.1160248545829687
1.29,541563.2482550335,0.25464221837358075,13.20221514055072,0.007782140442054941,-0.49865722913881605,-64.0771305596152
1.3,732831.7667857143,0.26236426446749106,13.504671441273814,0.007722046093910306,0.3024563007230938,39.16789631204278
1.31,759104.7192086331,0.2700271372130602,13.539895016832634,0.007662872745569149,0.035223575558820386,4.596654117633295
1.32,789334.6481751824,0.27763173659827955,13.578945652079014,0.007604599385219346,0.03905063524637953,5.135133787886336
1.33,1104979.1876100628,0.28517894223366247,13.91533705801459,0.007547205635382914,0.3363914059355757,44.5716497187384
1.34,813290.4320121951,0.29266961396282004,13.608843559684086,0.007490671729157572,-0.30649349833050366,-40.9166907071194
1.35,407953.79809815955,0.30010459245033816,12.918909207018679,0.007434978487518118,-0.6899343526654071,-92.79574296330146
1.36,507361.0092513369,0.3074846997479607,13.13697807899153,0.007380107297622562,0.21806887197285185,29.54819803813704
1.37,438930.0518238993,0.3148107398400336,12.992095344109021,0.007326040092072883,-0.14488273488250947,-19.776404860148027
1.38,530308.5948387097,0.3220834991691132,13.181214370496633,0.007272759329079614,0.1891190263876119,26.003751510301303
1.39,379187.02777027024,0.3293037471426003,12.84578483931126,0.007220247973487082,-0.33542953118537255,-46.45678824564995
1.4,342754.10914285714,0.3364722366212129,12.74476858609918,0.007168489478612594,-0.10101625321208019,-14.09170697864107
1.41,507979.36604790424,0.34358970439007686,13.138196107719748,0.007117467768863961,0.39342752162056804,55.27633343724493
1.42,233601.91731543624,0.35065687161316933,12.361373737588469,0.007067167223092474,-0.7768223701312795,-109.91990787949051
1.43,431134.3074594595,0.3576744442718159,12.974174938778411,0.007017572658646554,0.6128012011899422,87.32381280511463
1.44,499587.425872093,0.36464311358790924,13.121537888526303,0.006968669316093357,0.1473629497478921,21.146497711919544
1.45,242040.3774522293,0.371563556432483,12.396859840197235,0.006920442844573771,-0.7246780483290678,-104.7155600594662
1.46,205431.23586666666,0.37843643572024505,12.232866638267422,0.006872879287762035,-0.16399320192981293,-23.860916955404992
1.47,397431.604875,0.3852624007906449,12.892778135064404,0.006825965070399842,0.6599114967969815,96.67665890331403
1.48,227090.78951351353,0.3920420877760237,12.33310517030736,0.0067796869853787856,-0.5596729647570431,-82.55144610127952
1.49,316763.5952222222,0.3987761199573678,12.665911018248012,0.006734032181344107,0.3328058479406515,49.42148165888683
1.5,187600.51676470588,0.4054651081081644,12.142070070159773,0.006688988150796604,-0.5238409480882389,-78.31392974225163
1.51,190458.64013513512,0.412109650826833,12.157190337825115,0.0066445427186686,0.015120267665341913,2.275591911368076
1.52,315910.06279503106,0.41871033485818504,12.663212840651406,0.006600684031352055,0.5060225028262906,76.66213083716403
1.53,285483.053125,0.4252677354043441,12.561937947734975,0.0065574005461590534,-0.10127489291643066,-15.444365828125543
1.54,314328.9824855491,0.43178241642553783,12.658195431342303,0.006514681021193736,0.096257483607328,14.775471476528255
1.55,130587.44957055215,0.4382549309311553,11.779798392972067,0.006472514505617477,-0.8783970383702364,-135.71186864206763
1.56,365523.6930463576,0.44468582126144574,12.809086379727253,0.0064308903302904286,1.029287986755186,160.05373033763146
1.57,592809.159477612,0.45107561936021673,13.292627804055192,0.0063897980987709935,0.4835414243279388,75.67397542982502
1.58,332563.82,0.4574248470388755,12.714587060509574,0.006349227678658753,-0.5780407435456176,-91.04111126594947
1.59,212125.71704301075,0.4637340162321402,12.264934382816074,0.006309169193264741,-0.4496526776934999,-71.26971300334122
1.6,227037.00188679248,0.47000362924573563,12.332868287086422,0.00626961301359541,0.06793390427034751,10.835422237869468
1.61,214025.58056,0.4762341789963717,12.273850822187313,0.006230549750636083,-0.05901746489910842,-9.472272473722446
1.62,372942.9287769784,0.4824261492442928,12.829180680959503,0.006191970247921064,0.5553298587721898,89.6854856430617
1.63,188918.64897058826,0.4885800148186709,12.149071772653699,0.006153865574378137,-0.6801089083058045,-110.51734882501576
1.64,372749.5387218045,0.494696241836107,12.82866199512603,0.006116227017436082,0.6795902224723314,111.1126549971023
1.65,409207.65260162606,0.5007752879124892,12.921978014257238,0.006079046076382155,0.09331601913120835,15.35043787441464
1.66,170231.30808510637,0.5068176023684519,12.044913427001065,0.006042314455962705,-0.8770645872561733,-145.15374756616058
1.67,216217.73410852713,0.5128236264286637,12.284041207227181,0.00600602406021189,0.23912778022611647,39.814655723786785
1.68,269370.40347826085,0.5187937934151675,12.503842676040776,0.0059701669865037665,0.21980146881359452,36.816636672052965
1.69,94793.87716535434,0.5247285289349821,11.45946009929394,0.0059347355198146046,-1.0443825767468358,-175.97794767094547
1.7,169804.0863478261,0.5306282510621704,12.042400618222496,0.005899722127188256,0.5829405189285559,98.80813135963389
1.71,312084.1441176471,0.5364933705145685,12.65102812311585,0.005865119452398093,0.608627504893354,103.77069211173564
1.72,220097.7088888889,0.5423242908253617,12.30182685805051,0.005830920310793242,-0.34920126506533933,-59.88784727840566
1.73,106765.79520833334,0.5481214085096876,11.578392884626082,0.005797117684325892,-0.723433973424429,-124.79201092991997
1.74,242270.0624528302,0.5538851132264376,12.397808343466608,0.005763704716750029,0.8194154588405258,142.168188536655
1.75,205724.9320952381,0.5596157879354227,12.234295274398457,0.0057306747089850285,-0.16351306906815033,-28.53295246575084
1.76,100863.5568695652,0.5653138090500605,11.521523960422005,0.005698021114637797,-0.712771313976452,-125.09102715421587
1.77,173874.09482352942,0.5709795465857378,12.066086723308697,0.00566573753567734,0.5445627628866916,96.11507053716512
1.78,131383.64649484536,0.5766133643039938,11.785876921388171,0.005633817718255996,-0.2802098019205257,-49.737108286717415
1.79,66175.46357142857,0.5822156198526637,11.100065032305803,0.005602255548669888,-0.6858118890823679,-122.41710202691421
1.8,107920.86793103447,0.5877866649021191,11.589153533205065,0.005571045049455381,0.48908850089926226,87.79115885036238
1.81,94586.16100840336,0.5933268452777344,11.457266454786849,0.005540180375615322,-0.13188707841821667,-23.805556764669163
1.82,101447.0956,0.598836501088704,11.527292715962924,0.005509655810969627,0.07002626117607491,12.709734251757409
1.83,92207.38269565217,0.6043159668533296,11.43179547896,0.005479465764625546,-0.0954972370029239,-17.428202146902173
1.84,67240.43295454545,0.6097655716208943,11.116030026445092,0.005449604767564731,-0.31576545251490806,-57.942817136813105
1.85,55839.61009803921,0.6151856390902335,10.930238754926906,0.005420067469339207,-0.18579127151818575,-34.27840567837741
1.86,96087.34822222222,0.62057648772511,11.473012934077342,0.005390848634876488,0.5427741791504364,100.68436639806936
1.87,29967.449523809526,0.6259384308664954,10.307867055715425,0.0053619431413853835,-1.1651458783619173,-217.29918569425087
1.88,56762.38234042554,0.6312717768418578,10.946629102564165,0.005333345975362391,0.6387620468487398,119.76759988936159
1.89,88592.50775,0.636576829071551,11.391802570376466,0.005305052229693241,0.4451734678123014,83.91500187700188
1.9,51592.735060240964,0.6418538861723947,10.851136148151149,0.005277057100843696,-0.5406664222253177,-102.4560492511775
1.91,33175.49232876712,0.6471032420585384,10.409566699444989,0.005249355886143725,-0.44156944870615966,-84.11878681568012
1.92,27678.761481481484,0.6523251860396901,10.228420664564425,0.005221943981151722,-0.18114603488056424,-34.68938685179302
1.93,62030.31278481013,0.6575200029167941,11.035378460430834,0.0051948168771039915,0.8069577958664098,155.33902637127662
1.94,62151.21936507936,0.6626879730752367,11.037325716458048,0.005167970158442614,0.001947256027213129,0.3767932026526913
1.95,55602.85677966102,0.6678293725756554,10.925989859847874,0.005141399500418697,-0.11133585661017342,-21.654776408856502
1.96,49900.5293220339,0.6729444732424258,10.81778688933934,0.005115100666770345,-0.10820297050853434,-21.153634612015033
1.97,18385.98462962963,0.6780335427498971,9.81934394844106,0.005089069507471344,-0.9984429408982791,-196.19361445789826
1.98,75347.8392,0.6830968447064438,11.229870526802046,0.005063301956546695,1.4105265783609848,278.57840406638536
1.99,65245.684489795916,0.688134638736401,11.0859151849103,0.005037794029957188,-0.1439553418917452,-28.575074930756656
2.0,60405.28644067796,0.6931471805599453,11.008831903945202,0.00501254182354427,-0.07708328096509831,-15.378082353953156
2.01,23690.415762711866,0.6981347220709843,10.072825847134409,0.004987541511038973,-0.9360060568107933,-187.66882535997388
2.02,35946.26685185185,0.7030975114131134,10.489780514971395,0.004962789342129126,0.4169546678369862,84.01619313103973
2.03,48915.487692307695,0.7080357930536959,10.79784934704131,0.00493828164058252,0.30806883206991564,62.38381171665531
2.04,30596.196666666667,0.712949807856125,10.328630988276592,0.004914014802429145,-0.46921835876471896,-95.48574386319923
2.05,17173.33105263158,0.7178397931503168,9.751112939305278,0.004889985294191712,-0.5775180489713136,-118.10220567683204
2.06,43574.232881355936,0.7227059828014898,10.682221265674588,0.004866189651173025,0.9311083263693103,191.3423834898956
2.07,79767.00166666666,0.7275486072772777,11.286865184968805,0.004842624475787871,0.604643919294217,124.85872532906744
2.08,23508.17394736842,0.7323678937132266,10.065103467201865,0.004819286435948977,-1.22176171776694,-253.51506576851972
2.09,61620.46680851064,0.7371640659767196,11.028749347722592,0.004796172263492937,0.9636458805207262,200.91978093775265
2.1,45591.54807692308,0.7419373447293773,10.72747762913291,0.004773278752657761,-0.3012717185896818,-63.1163052067583
2.11,30612.35135135135,0.7466879474879751,10.329158845433243,0.004750602758597733,-0.39831878369966667,-83.84594628098121
2.12,24798.64692307692,0.7514160886839212,10.118544371111296,0.004728141195946112,-0.2106144743219467,-44.544878334540144
2.13,30987.241428571426,0.7561219797213337,10.341330831930138,0.00470589103741248,0.2227864608188419,47.34203555663719
2.14,42190.586923076924,0.7608058290337602,10.649952416447952,0.004683849312426491,0.3086215845178142,65.8905878331793
2.15,35283.85151515152,0.7654678421395714,10.471180674092723,0.004662013105811269,-0.17877174235522908,-38.34646928220503
2.16,34524.93433333333,0.7701082216960737,10.449437076272305,0.0046403795565023165,-0.021743597820417904,-4.685736922090729
2.17,25271.110689655172,0.7747271675523681,10.137417152311281,0.00461894585629441,-0.3120199239610244,-67.55219343734528
2.18,29646.9115625,0.7793248768009977,10.297113235847057,0.004597709248629567,0.1596960835357759,34.73383698270531
2.19,10419.344230769231,0.7839015438284094,9.251419379619582,0.004576667027411663,-1.0456938562274747,-228.48370876980044
2.2,42011.12904761905,0.7884573603642703,10.645689839489478,0.0045558165358609015,1.3942704598698956,306.04183660491145
2.21,16324.181363636364,0.7929925155296614,9.700402806708793,0.004535155165391158,-0.9452870327806853,-208.43543347632166
2.22,46692.0255,0.7975071958841882,10.751328668904504,0.0045146803545267344,1.0509258621957116,232.77968309361697
2.23,14920.977894736843,0.8020015854720274,9.610523414152617,0.004494389587839209,-1.1408052547518874,-253.8287419138398
2.24,15385.349545454546,0.8064758658669485,9.641171007384598,0.0044742803949211485,0.030647593231980963,6.8497256601910115
2.25,16493.952272727274,0.8109302162163288,9.710749063774907,0.004454350349380243,0.06957805639030923,15.620247832546443
2.26,44624.63733333333,0.8153648132841944,10.706041392064789,0.004434597067865642,0.9952923282898816,224.43805221945738
2.27,10780.8735,0.8197798314933114,9.285528870864862,0.004415018209116939,-1.4205125211999263,-321.7455634195555
2.28,15763.836923076924,0.8241754429663494,9.665473793366493,0.004395611473038019,0.3799449225016307,86.43733069497893
2.29,25338.003125,0.8285518175661483,10.140060647494535,0.004376374599798893,0.4745868541280416,108.44292308749122
2.3,15291.824499999999,0.8329091229351039,9.63507361816138,0.004357305368955622,-0.5049870293331544,-115.89433986679524
2.31,14852.496249999998,0.8372475245337022,9.605923227747118,0.004338401598598329,-0.02915039041426226,-6.719154451648806
2.32,14651.535,0.8415671856782185,9.592300387113362,0.004319661144516318,-0.013622840633756184,-3.1536827028782053
2.33,16842.009166666667,0.8458682675776092,9.731631589864024,0.004301081899390713,0.1393312027506628,32.39445469996754
2.34,16269.96263157895,0.85015092936961,9.697075903442096,0.004282661792000764,-0.0345556864219283,-8.06874044699772
2.35,10865.943571428574,0.8544153281560676,9.293388733966065,0.004264398786457568,-0.4036871694760311,-94.66449778524903
2.36,13278.735,0.8586616190375187,9.493919162469185,0.00424629088145112,0.20053042850311975,47.224844953295054
2.37,36807.25,0.8628899551470398,10.513450115622495,0.004228336109521114,1.0195309531533105,241.1187111775698
2.38,18235.12769230769,0.8671004876833833,9.811105105812597,0.004210532536343514,-0.702345009809898,-166.80669339271375
2.39,17929.94,0.8712933659434193,9.794227220246675,0.004192878260036004,-0.016877885565921957,-4.025369810230796
2.4,29077.36153846154,0.8754687373538999,10.277715196391576,0.004175371410480522,0.48348797614490024,115.79520205826627
2.41,21420.178571428572,0.8796267475025636,9.972088680634991,0.004158010148663793,-0.3056265157565843,-73.50307113964105
2.42,7425.755,0.883767540168595,8.912709642003167,0.004140792666031401,-1.0593790386318247,-255.83967227394405
2.43,9343.494,0.8878912573524571,9.142435551204454,0.004123717183862063,0.22972590920128688,55.70845403761111
2.44,16369.355000000001,0.8919980393051105,9.703166268245006,0.004106781952653349,0.5607307170405527,136.53773769953148
2.45,21204.52625,0.8960880245566357,9.96196994023021,0.004089985251525263,0.2588036719852038,63.27740959180455
2.46,47953.962857142855,0.9001613499442714,10.777996722509613,0.004073325387635718,0.816026782279403,200.3342980544576
2.47,6658.3125,0.9042181506398859,8.803621353050332,0.0040568006956144265,-1.9743753694592812,-486.68286110127735
2.48,14865.2825,0.9082585601768908,9.606783739624305,0.004040409537004908,0.8031623865739732,198.78242025172153
2.49,27369.841999999997,0.9122827104766164,10.217197029274182,0.004024150299725582,0.6104132896498768,151.68749777847577
2.5,9217.725,0.9162907318741551,9.128883539899881,0.004008021397538752,-1.0883134893743005,-271.5338521003437
2.51,33681.345,0.9202827531436925,10.42469940223823,0.003992021269537349,1.2958158623383493,324.6014424388391
2.52,42987.5275,0.9242589015233319,10.668665294461166,0.003976148379639444,0.24396589222293485,61.35734105704014
2.53,10251.1,0.9282193027394288,9.23514029588166,0.003960401216096865,-1.4335249985795055,-361.96458903027565
2.54,24455.58777777778,0.9321640810304452,10.104614007760382,0.003944778291016471,0.8694737118787224,220.41130013790476
2.55,6301.335555555556,0.9360933591703348,8.748516882857622,0.003929278139889525,-1.3560971249027602,-345.1262742476378
2.56,12645.604,0.9400072584914712,9.445064923878691,0.003913899321136394,0.6965480410210692,177.9677972960295
2.57,10371.958999999999,0.9439058989071284,9.246861193700491,0.0038986404156572396,-0.19820373017820003,-50.83919239696962
2.58,22519.46888888889,0.9477893989335261,10.022135498000782,0.0038835000263977015,0.7752743043002912,199.63288245923573
2.59,14666.654999999999,0.9516578757114463,9.593331828777426,0.003868476777920238,-0.4288036692233561,-110.84561025952148
2.6,19816.545,0.9555114450274363,9.89427247381885,0.003853569315990013,0.3009406450414236,78.0940007469697
2.61,13958.256666666666,0.959350221334602,9.54382648790686,0.00383877630716567,-0.35044598591198906,-91.29106722312196
2.62,5211.04125,0.9631743177730056,8.558534970824919,0.0038240964384035347,-0.9852915170819418,-257.65341772951643
2.63,4961.455,0.9669838461896731,8.509454323475413,0.003809528416667596,-0.04908064734950557,-12.883654348072593
2.64,11112.378,0.9707789171582248,9.315814901134223,0.003795070968551695,0.8063605776588094,212.47575719685136
2.65,16879.92375,0.9745596399981308,9.73388025095965,0.0037807228399059367,0.41806534982542765,110.5781533130921
2.66,10911.23,0.9783261227936078,9.29754781307732,0.0037664827954769775,-0.43633243788232967,-115.84612530456911
2.67,12474.735714285713,0.9820784724121582,9.431460735167711,0.0037523496185504213,0.1339129220903903,35.687751863090654
2.68,5260.62,0.9858167945227654,8.568004169507981,0.003738322110607206,-0.86345656565973,-230.9743623241393
2.69,15335.085000000001,0.9895411936137477,9.637898619408764,0.003724399090982322,1.069894449900783,287.2663277389521
2.7,12733.336666666668,0.9932517730102834,9.451978767706628,0.0037105793965357403,-0.18591985170213654,-50.1053425445402
2.71,9758.1625,0.9969486348916096,9.185859393239788,0.003696861881326119,-0.26611937446683953,-71.98520880941827
2.72,20074.3,1.000631880307906,9.907195668966668,0.003683245416296388,0.7213362757268804,195.84257745502208
2.73,12791.61125,1.0043016091968684,9.456544863964448,0.0036697288889624424,-0.4506508050022209,-122.8022065492787
2.74,7845.093333333334,1.007957920399979,8.967643562270784,0.003656311203110496,-0.4889013016936641,-133.7143570486413
2.75,10384.68,1.0116009116784799,9.248086922161894,0.0036429912785009844,0.2804433598911107,76.98161715240431
2.76,10367.310000000001,1.0152306797290584,9.24641286545152,0.0036297680505785745,-0.0016740567103745718,-0.4612021173385258
2.77,16609.52,1.0188473201992472,9.717731303935714,0.0036166404701887256,0.47131843848419486,130.3194061917911
2.78,1655.56,1.0224509277025455,7.411894599157486,0.003603607503298356,-2.305836704778229,-639.8689931319416
2.79,8693.66,1.0260415958332743,9.070349303353611,0.0035906681307287247,1.6584547041961253,461.8791388720022
2.8,19002.245,1.0296194171811581,9.85231240906322,0.0035778213478838694,0.7819631057096093,218.55845490220116
2.81,6940.9766666666665,1.0331844833456545,8.845197773666547,0.0035650661644963666,-1.0071146353966736,-282.4953560262878
2.82,7986.656666666667,1.0367368849500223,8.98552751147368,0.003552401604367761,0.14032973780713398,39.50277965041883
2.83,12797.88,1.0402767116551463,9.457034811190374,0.003539826705124094,0.47150729971669314,133.20067308214846
2.84,9467.07,1.0438040521731147,9.155574740207395,0.003527340517968325,-0.3014600709829782,-85.46384151100132
2.85,12244.43,1.0473189942805592,9.412826418690715,0.0035149421074445186,0.2572516784833194,73.18802717645613
2.86,16632.555,1.0508216248317612,9.719117198389473,0.003502630551202035,0.30629077969875773,87.44592820206078
2.87,18566.836666666666,1.0543120297715298,9.829132293399244,0.0034904049397685988,0.11001509500977136,31.51929272053602
2.88,12988.6,1.0577902941478545,9.471827328644778,0.0034782643763247023,-0.3573049647544657,-102.72507380017241
2.89,15123.256666666668,1.0612565021243408,9.623989014547913,0.003466207976486224,0.15216168590313472,43.89860243105913
2.9,17686.1,1.0647107369924282,9.78053429930945,0.0034542348680874913,0.1565452847615365,45.319814876459475
2.91,4103.97,1.0681530811834012,8.319710076882368,0.0034423441909730013,-1.4608242224270818,-424.36901756014413
2.92,15757.61,1.0715836162801904,9.665078702165692,0.0034305350967891446,1.3453686252833243,392.1745696589842
2.93,10299.650000000001,1.075002423028976,9.23986519305785,0.0034188067487856966,-0.4252135091078415,-124.37483027049431
2.94,9905.8,1.0784095813505903,9.200875723160397,0.003407158321614201,-0.03898946989745333,-11.44339834463031
2.95,2417.55,1.0818051703517284,7.790509909636837,0.003395589001138122,-1.4103658135235602,-415.3523329975561
2.96,26845.68,1.085189268335969,10.197860193137457,0.0033840979842405527,2.4073502835006195,711.3713298821248
2.97,14052.55,1.0885619528146082,9.55055915295565,0.003372684478639254,-0.6473010401818069,-191.9245764854255
2.99,10875.135,1.095273387402595,9.294234269672938,0.006711434587986842,-0.2563248832827121,-38.19226425025758
3.0,15035.710000000001,1.0986122886681098,9.618183317453644,0.0033389012655147265,0.3239490477807063,97.02264967417842
3.03,3714.71,1.1085626195212777,8.220055892193699,0.009950330853167877,-1.3981274252599452,-140.51064692133576
3.04,12656.32,1.1118575154181303,9.445911974137852,0.003294895896852612,1.225856081944153,372.04698428109043
3.05,2068.26,1.1151415906193203,7.634462953064043,0.0032840752011900065,-1.811449021073809,-551.5857311724831
3.12,19043.8,1.1378330018213911,9.854496868263883,0.022691411202070855,2.2200339151998403,97.83586818069898
3.17,3018.56,1.1537315878891892,8.012535175461489,0.015898586067798037,-1.8419616928023945,-115.856950105344
3.25,16700.94,1.1786549963416462,9.723220284245919,0.024923408452456997,1.7106851087844301,68.63768701811681
